Workbook

Sheet メンバー（入力例)
H1: ↓↓↓※ここ記入漏れ気を付けて※ | W1: ※色付き数式あり、触らない※
A2: 2 四半期 | C2: 部門ミッション・課題 | F2: 個人目標 (評価者 記入) | H2: 結果 | J2: 基準点 | U2: 基準点 結果 | W2: 重要度 | Y2: 評価点 | AA2: 合計 評価点 | AC2: 自己分析コメント
A5: 部門課題・戦略に沿った目標 | B5: ① | C5: ブロック売上予算達成（組織貢献） ※所属ブロックは四半期開始時に決定。 所属ブロック以外での勤務が40％を超過した場合はブロックの所属するエリアの目標達成率で評価する。 ※ブロックエリアの異動"ブロック売上目標達成（組織貢献） ※所属ブロックは四半期開始時に決定。 所属ブロック以外での勤務が40％を超過した場合はブロックの所属するエリアの目標達成率で評価する。 ※ブロックエリアの異動があった場合は所属月数で按分評価。 | F5: ブロック予算達成で100% 60点 ※新規店舗は初月なし ※閉店店舗は分母から除く ※小数点第1位以下四捨五入※ブロック売上/予算 | H5: 1 | J5: 0 | K5: 10 | L5: 20 | M5: 30 | N5: 40 | O5: 50 | P5: 60 | Q5: 70 | R5: 80 | S5: 90 | T5: 100 | U5: 60 | W5: 0.3 | Y5: =U5*W5 -> 18 | AA5: =SUM(Y5:Z16) -> 46
J7: 75未満 | K7: 75 | L7: 80 | M7: 85 | N7: 90 | O7: 95 | P7: 1 | Q7: 105 | R7: 110 | S7: 115 | T7: 120以上
B9: ② | C9: 毎月の個人売上目標達成 | F9: 毎月平均100万円の達成 ※小数点第1位以下四捨五入 ※当日お渡し以外の修理については、会計担当者の実績になります。 ※お渡し予定日は、事前にシフトを確認した上で回答してください。 ※個人売上/100 | H9: 1 | J9: 0 | K9: 10 | L9: 20 | M9: 30 | N9: 40 | O9: 50 | P9: 60 | Q9: 70 | R9: 80 | S9: 90 | T9: 100 | U9: 60 | W9: 0.2 | Y9: =U9*W9 -> 12
J11: 50未満 | K11: 50 | L11: 60 | M11: 70 | N11: 80 | O11: 90 | P11: 1 | Q11: 150 | R11: 200 | S11: 250 | T11: 300以上
B13: ③ | C13: 店舗日割目標売上 の達成率 | F13: 店舗予算達成達率による評価基準 各店舗の予算日割目標を毎月達成できているか。 ※予算達成日数/出勤日数 | H13: 0.8 | J13: 0 | K13: 10 | L13: 20 | M13: 30 | N13: 40 | O13: 50 | P13: 60 | Q13: 70 | R13: 80 | S13: 90 | T13: 100 | U13: 80 | W13: 0.2 | Y13: =U13*W13 -> 16
J15: 0% | K15: 10 | L15: 20 | M15: 30 | N15: 40 | O15: 50 | P15: 60 | Q15: 70 | R15: 80 | S15: 90 | T15: 100%
B17: ④ | C17: 修理単価の向上 | F17: パッキン30件 コーティング10件 達成で60点 | H17: パッキン | I17: 0 | J17: 0 | K17: 10 | L17: 20 | M17: 30 | N17: 40 | O17: 50 | P17: 60 | Q17: 70 | R17: 80 | S17: 90 | T17: 100 | U17: 70 | W17: 0.15 | Y17: =U17*W17 -> 10.5 | AC17: パッキンが50件ですが、コーティングが16件なので、点数は70点になります。
H19: コーティング | I19: 0 | J19: （P0.C0） | K19: （P5.C1） | L19: （P10.C2） | M19: （P15.C4） | N19: （P20.C6） | O19: （P25.C8） | P19: （P30.C10） | Q19: （P35.C15） | R19: （P40.C20） | S19: （P45.C25） | T19: （P50.C30）
B21: ⑤ | C21: Google口コミ投稿件数 目標達成 | F21: 口コミGoogle のみ40件獲得 達成で60点 | H21: 50 | J21: 0 | K21: 10 | L21: 20 | M21: 30 | N21: 40 | O21: 50 | P21: 60 | Q21: 70 | R21: 80 | S21: 90 | T21: 100 | U21: 80 | W21: 0.15 | Y21: =U21*W21 -> 12
J23: 10未満 | K23: 10 | L23: 15 | M23: 20 | N23: 25 | O23: 30 | P23: 40 | Q23: 45 | R23: 50 | S23: 55 | T23: 60以上
B26: ① | C26: ブロック売上合計がブロック予算目標に対しての達成率を入力してください。 結果÷目標(ブロック予算)×100＝達成率
B28: ② | C28: 個人売上目標100万円に対しての達成率 結果÷100万×100＝達成率
B30: ③ | C30: 店舗日割目標の達成回数÷出勤日数×100＝達成率 (例: 21日出勤の内 18回 日売り目標達成した場合 18÷21×100＝達成率85.7%→四捨五入して【86%】と入力) ※小数点第1位以下四捨五入
B33: ④ | C33: パッキン30件 コーティング0件の場合 基準点0点 ※両方達成で達成となる
B35: ⑤ | C35: Googleレビューの獲得件数を入力してください。 ※最安レビューは含めない※

Sheet 4月
C2: 部門ミッション・課題 | F2: 個人目標 (評価者 記入) | H2: 結果 | J2: 基準点 | U2: 基準点 結果 | W2: 重要度 | Y2: 評価点 | AA2: 合計 評価点 | AC2: 自己分析コメント
A5: 部門課題・戦略に沿った目標 | B5: ① | C5: ブロック売上予算達成（組織貢献） ※所属ブロックは四半期開始時に決定。 所属ブロック以外での勤務が40％を超過した場合はブロックの所属するエリアの目標達成率で評価する。 ※ブロックエリアの異動"ブロック売上目標達成（組織貢献） ※所属ブロックは四半期開始時に決定。 所属ブロック以外での勤務が40％を超過した場合はブロックの所属するエリアの目標達成率で評価する。 ※ブロックエリアの異動があった場合は所属月数で按分評価。 | F5: ブロック予算達成で100% 60点 ※新規店舗は初月なし ※閉店店舗は分母から除く ※小数点第1位以下四捨五入※ブロック売上/予算 | J5: 0 | K5: 10 | L5: 20 | M5: 30 | N5: 40 | O5: 50 | P5: 60 | Q5: 70 | R5: 80 | S5: 90 | T5: 100 | W5: 0.1 | Y5: =U5*W5 -> 0 | AA5: =SUM(Y5:Z24) -> 0
J7: 75未満 | K7: 75 | L7: 80 | M7: 85 | N7: 90 | O7: 95 | P7: 1 | Q7: 105 | R7: 110 | S7: 115 | T7: 120以上
B9: ② | C9: 毎月の個人売上目標達成 | F9: 毎月平均100万円の達成 ※小数点第1位以下四捨五入 ※当日お渡し以外の修理については、会計担当者の実績になります。 ※お渡し予定日は、事前にシフトを確認した上で回答してください。 ※個人売上/100 | J9: 0 | K9: 10 | L9: 20 | M9: 30 | N9: 40 | O9: 50 | P9: 60 | Q9: 70 | R9: 80 | S9: 90 | T9: 100 | W9: 0.35 | Y9: =U9*W9 -> 0
J11: 50未満 | K11: 50 | L11: 60 | M11: 70 | N11: 80 | O11: 90 | P11: 1 | Q11: 150 | R11: 200 | S11: 250 | T11: 300以上
B13: ③ | C13: 店舗日割目標売上 の達成率 | F13: 店舗予算達成達率による評価基準 各店舗の予算日割目標を毎月達成できているか。 ※予算達成日数/出勤日数 | J13: 0 | K13: 10 | L13: 20 | M13: 30 | N13: 40 | O13: 50 | P13: 60 | Q13: 70 | R13: 80 | S13: 90 | T13: 100 | W13: 0.25 | Y13: =U13*W13 -> 0
J15: 0 | K15: 10 | L15: 20 | M15: 30 | N15: 40 | O15: 50 | P15: 0.6 | Q15: 70 | R15: 80 | S15: 90 | T15: 1
B17: ④ | C17: 修理単価の向上 | F17: パッキン30件 コーティング10件 達成で60点 | H17: パッキン | J17: 0 | K17: 10 | L17: 20 | M17: 30 | N17: 40 | O17: 50 | P17: 60 | Q17: 70 | R17: 80 | S17: 90 | T17: 100 | W17: 0.15 | Y17: =U17*W17 -> 0
H19: コーティング | J19: 0 | K19: 2 | L19: 4 | M19: 8 | N19: 12 | O19: 16 | P19: 40 | Q19: 50 | R19: 60 | S19: 70 | T19: 80件以上
J20: （P0.C0） | K20: （P5.C1） | L20: （P10.C2） | M20: （P15.C4） | N20: （P20.C6） | O20: （P25.C8） | P20: （P30.C10） | Q20: （P35.C15） | R20: （P40.C20） | S20: （P45.C25） | T20: （P50.C30）
B21: ⑤ | C21: Google口コミ投稿件数 目標達成 | F21: 口コミGoogle のみ40件獲得 達成で60点 | J21: 0 | K21: 10 | L21: 20 | M21: 30 | N21: 40 | O21: 50 | P21: 60 | Q21: 70 | R21: 80 | S21: 90 | T21: 100 | W21: 0.15 | Y21: =U21*W21 -> 0
J23: 10未満 | K23: 10 | L23: 15 | M23: 20 | N23: 25 | O23: 30 | P23: 40 | Q23: 45 | R23: 50 | S23: 55 | T23: 60以上
B26: ① | C26: ブロック売上合計がブロック予算目標に対しての達成率を入力してください。 結果÷目標(ブロック予算)×100＝達成率
B28: ② | C28: 個人売上目標100万円に対しての達成率 結果÷100万×100＝達成率
B30: ③ | C30: 店舗日割目標の達成回数÷出勤日数×100＝達成率 (例: 21日出勤の内 18回 日売り目標達成した場合 18÷21×100＝達成率85.7%→四捨五入して【86%】と入力) ※小数点第1位以下四捨五入
B33: ④ | C33: パッキン30件 コーティング0件の場合 基準点0点 ※両方達成で達成となる
B35: ⑤ | C35: Googleレビューの獲得件数を入力してください。 ※最安レビューは含めない

Sheet 5月
C2: 部門ミッション・課題 | F2: 個人目標 (評価者 記入) | H2: 結果 | J2: 基準点 | U2: 基準点 結果 | W2: 重要度 | Y2: 評価点 | AA2: 合計 評価点 | AC2: 自己分析コメント
A5: 部門課題・戦略に沿った目標 | B5: ① | C5: ブロック売上予算達成（組織貢献） ※所属ブロックは四半期開始時に決定。 所属ブロック以外での勤務が40％を超過した場合はブロックの所属するエリアの目標達成率で評価する。 ※ブロックエリアの異動"ブロック売上目標達成（組織貢献） ※所属ブロックは四半期開始時に決定。 所属ブロック以外での勤務が40％を超過した場合はブロックの所属するエリアの目標達成率で評価する。 ※ブロックエリアの異動があった場合は所属月数で按分評価。 | F5: ブロック予算達成で100% 60点 ※新規店舗は初月なし ※閉店店舗は分母から除く ※小数点第1位以下四捨五入※ブロック売上/予算 | J5: 0 | K5: 10 | L5: 20 | M5: 30 | N5: 40 | O5: 50 | P5: 60 | Q5: 70 | R5: 80 | S5: 90 | T5: 100 | W5: 0.1 | Y5: =U5*W5 -> 0 | AA5: =SUM(Y5:Z24) -> 0
J7: 75未満 | K7: 75 | L7: 80 | M7: 85 | N7: 90 | O7: 95 | P7: 1 | Q7: 105 | R7: 110 | S7: 115 | T7: 120以上
B9: ② | C9: 毎月の個人売上目標達成 | F9: 毎月平均100万円の達成 ※小数点第1位以下四捨五入 ※当日お渡し以外の修理については、会計担当者の実績になります。 ※お渡し予定日は、事前にシフトを確認した上で回答してください。 ※個人売上/100 | J9: 0 | K9: 10 | L9: 20 | M9: 30 | N9: 40 | O9: 50 | P9: 60 | Q9: 70 | R9: 80 | S9: 90 | T9: 100 | W9: 0.35 | Y9: =U9*W9 -> 0
J11: 50未満 | K11: 50 | L11: 60 | M11: 70 | N11: 80 | O11: 90 | P11: 1 | Q11: 150 | R11: 200 | S11: 250 | T11: 300以上
B13: ③ | C13: 店舗日割目標売上 の達成率 | F13: 店舗予算達成達率による評価基準 各店舗の予算日割目標を毎月達成できているか。 ※予算達成日数/出勤日数 | J13: 0 | K13: 10 | L13: 20 | M13: 30 | N13: 40 | O13: 50 | P13: 60 | Q13: 70 | R13: 80 | S13: 90 | T13: 100 | W13: 0.25 | Y13: =U13*W13 -> 0
J15: 0 | K15: 10 | L15: 20 | M15: 30 | N15: 40 | O15: 50 | P15: 0.6 | Q15: 70 | R15: 80 | S15: 90 | T15: 1
B17: ④ | C17: 修理単価の向上 | F17: パッキン30件 コーティング10件 達成で60点 | H17: パッキン | J17: 0 | K17: 10 | L17: 20 | M17: 30 | N17: 40 | O17: 50 | P17: 60 | Q17: 70 | R17: 80 | S17: 90 | T17: 100 | W17: 0.15 | Y17: =U17*W17 -> 0
H19: コーティング | J19: 0 | K19: 2 | L19: 4 | M19: 8 | N19: 12 | O19: 16 | P19: 40 | Q19: 50 | R19: 60 | S19: 70 | T19: 80件以上
J20: （P0.C0） | K20: （P5.C1） | L20: （P10.C2） | M20: （P15.C4） | N20: （P20.C6） | O20: （P25.C8） | P20: （P30.C10） | Q20: （P35.C15） | R20: （P40.C20） | S20: （P45.C25） | T20: （P50.C30）
B21: ⑤ | C21: Google口コミ投稿件数 目標達成 | F21: 口コミGoogle のみ40件獲得 達成で60点 | J21: 0 | K21: 10 | L21: 20 | M21: 30 | N21: 40 | O21: 50 | P21: 60 | Q21: 70 | R21: 80 | S21: 90 | T21: 100 | W21: 0.15 | Y21: =U21*W21 -> 0
J23: 10未満 | K23: 10 | L23: 15 | M23: 20 | N23: 25 | O23: 30 | P23: 40 | Q23: 45 | R23: 50 | S23: 55 | T23: 60以上
B26: ① | C26: ブロック売上合計がブロック予算目標に対しての達成率を入力してください。 結果÷目標(ブロック予算)×100＝達成率
B28: ② | C28: 個人売上目標100万円に対しての達成率 結果÷100万×100＝達成率
B30: ③ | C30: 店舗日割目標の達成回数÷出勤日数×100＝達成率 (例: 21日出勤の内 18回 日売り目標達成した場合 18÷21×100＝達成率85.7%→四捨五入して【86%】と入力) ※小数点第1位以下四捨五入
B33: ④ | C33: パッキン30件 コーティング0件の場合 基準点0点 ※両方達成で達成となる
B35: ⑤ | C35: Googleレビューの獲得件数を入力してください。 ※最安レビューは含めない

Sheet 6月
C2: 部門ミッション・課題 | F2: 個人目標 (評価者 記入) | H2: 結果 | J2: 基準点 | U2: 基準点 結果 | W2: 重要度 | Y2: 評価点 | AA2: 合計 評価点 | AC2: 自己分析コメント
A5: 部門課題・戦略に沿った目標 | B5: ① | C5: ブロック売上予算達成（組織貢献） ※所属ブロックは四半期開始時に決定。 所属ブロック以外での勤務が40％を超過した場合はブロックの所属するエリアの目標達成率で評価する。 ※ブロックエリアの異動"ブロック売上目標達成（組織貢献） ※所属ブロックは四半期開始時に決定。 所属ブロック以外での勤務が40％を超過した場合はブロックの所属するエリアの目標達成率で評価する。 ※ブロックエリアの異動があった場合は所属月数で按分評価。 | F5: ブロック予算達成で100% 60点 ※新規店舗は初月なし ※閉店店舗は分母から除く ※小数点第1位以下四捨五入※ブロック売上/予算 | J5: 0 | K5: 10 | L5: 20 | M5: 30 | N5: 40 | O5: 50 | P5: 60 | Q5: 70 | R5: 80 | S5: 90 | T5: 100 | W5: 0.1 | Y5: =U5*W5 -> 0 | AA5: =SUM(Y5:Z24) -> 0
J7: 75未満 | K7: 75 | L7: 80 | M7: 85 | N7: 90 | O7: 95 | P7: 1 | Q7: 105 | R7: 110 | S7: 115 | T7: 120以上
B9: ② | C9: 毎月の個人売上目標達成 | F9: 毎月平均100万円の達成 ※小数点第1位以下四捨五入 ※当日お渡し以外の修理については、会計担当者の実績になります。 ※お渡し予定日は、事前にシフトを確認した上で回答してください。 ※個人売上/100 | J9: 0 | K9: 10 | L9: 20 | M9: 30 | N9: 40 | O9: 50 | P9: 60 | Q9: 70 | R9: 80 | S9: 90 | T9: 100 | W9: 0.35 | Y9: =U9*W9 -> 0
J11: 50未満 | K11: 50 | L11: 60 | M11: 70 | N11: 80 | O11: 90 | P11: 1 | Q11: 150 | R11: 200 | S11: 250 | T11: 300以上
B13: ③ | C13: 店舗日割目標売上 の達成率 | F13: 店舗予算達成達率による評価基準 各店舗の予算日割目標を毎月達成できているか。 ※予算達成日数/出勤日数 | J13: 0 | K13: 10 | L13: 20 | M13: 30 | N13: 40 | O13: 50 | P13: 60 | Q13: 70 | R13: 80 | S13: 90 | T13: 100 | W13: 0.25 | Y13: =U13*W13 -> 0
J15: 0 | K15: 10 | L15: 20 | M15: 30 | N15: 40 | O15: 50 | P15: 0.6 | Q15: 70 | R15: 80 | S15: 90 | T15: 1
B17: ④ | C17: 修理単価の向上 | F17: パッキン30件 コーティング10件 達成で60点 | H17: パッキン | J17: 0 | K17: 10 | L17: 20 | M17: 30 | N17: 40 | O17: 50 | P17: 60 | Q17: 70 | R17: 80 | S17: 90 | T17: 100 | W17: 0.15 | Y17: =U17*W17 -> 0
H19: コーティング | J19: 0 | K19: 2 | L19: 4 | M19: 8 | N19: 12 | O19: 16 | P19: 40 | Q19: 50 | R19: 60 | S19: 70 | T19: 80件以上
J20: （P0.C0） | K20: （P5.C1） | L20: （P10.C2） | M20: （P15.C4） | N20: （P20.C6） | O20: （P25.C8） | P20: （P30.C10） | Q20: （P35.C15） | R20: （P40.C20） | S20: （P45.C25） | T20: （P50.C30）
B21: ⑤ | C21: Google口コミ投稿件数 目標達成 | F21: 口コミGoogle のみ40件獲得 達成で60点 | J21: 0 | K21: 10 | L21: 20 | M21: 30 | N21: 40 | O21: 50 | P21: 60 | Q21: 70 | R21: 80 | S21: 90 | T21: 100 | W21: 0.15 | Y21: =U21*W21 -> 0
J23: 10未満 | K23: 10 | L23: 15 | M23: 20 | N23: 25 | O23: 30 | P23: 40 | Q23: 45 | R23: 50 | S23: 55 | T23: 60以上
B26: ① | C26: ブロック売上合計がブロック予算目標に対しての達成率を入力してください。 結果÷目標(ブロック予算)×100＝達成率
B28: ② | C28: 個人売上目標100万円に対しての達成率 結果÷100万×100＝達成率
B30: ③ | C30: 店舗日割目標の達成回数÷出勤日数×100＝達成率 (例: 21日出勤の内 18回 日売り目標達成した場合 18÷21×100＝達成率85.7%→四捨五入して【86%】と入力) ※小数点第1位以下四捨五入
B33: ④ | C33: パッキン30件 コーティング0件の場合 基準点0点 ※両方達成で達成となる
B35: ⑤ | C35: Googleレビューの獲得件数を入力してください。 ※最安レビューは含めない

Sheet メンバー第1四半期合計
B1: ※【1月】【2月】【3月】【ブロック長第1四半期合計】のシート内 オレンジバックの箇所のみ入力してください。
C2: 部門ミッション・課題 | F2: 個人目標 (評価者 記入) | H2: 結果 | J2: 基準点 | U2: 基準点 結果 | W2: 重要度 | Y2: 評価点 | AA2: 合計 評価点 | AC2: 自己分析コメント
A5: 部門課題・戦略に沿った目標 | B5: ① | C5: ブロック売上予算達成（組織貢献） ※所属ブロックは四半期開始時に決定。 所属ブロック以外での勤務が40％を超過した場合はブロックの所属するエリアの目標達成率で評価する。 ※ブロックエリアの異動"ブロック売上目標達成（組織貢献） ※所属ブロックは四半期開始時に決定。 所属ブロック以外での勤務が40％を超過した場合はブロックの所属するエリアの目標達成率で評価する。 ※ブロックエリアの異動があった場合は所属月数で按分評価。 | F5: ブロック予算達成で100% 60点 ※新規店舗は初月なし ※閉店店舗は分母から除く ※小数点第1位以下四捨五入※ブロック売上/予算 | H5: =SUM('4月'!H5+'5月'!H5+'6月'!H5)/3 -> 0 | J5: 0 | K5: 10 | L5: 20 | M5: 30 | N5: 40 | O5: 50 | P5: 60 | Q5: 70 | R5: 80 | S5: 90 | T5: 100 | W5: 0.1 | Y5: =U5*W5 -> 0 | AA5: =SUM(Y5:Z24) -> 0
J7: 75未満 | K7: 75 | L7: 80 | M7: 85 | N7: 90 | O7: 95 | P7: 1 | Q7: 105 | R7: 110 | S7: 115 | T7: 120以上
B9: ② | C9: 毎月の個人売上目標達成 | F9: 毎月平均100万円の達成 ※小数点第1位以下四捨五入 ※当日お渡し以外の修理については、会計担当者の実績になります。 ※お渡し予定日は、事前にシフトを確認した上で回答してください。 ※個人売上/100 | H9: =SUM('4月'!H9+'5月'!H9+'6月'!H9)/3 -> 0 | J9: 0 | K9: 10 | L9: 20 | M9: 30 | N9: 40 | O9: 50 | P9: 60 | Q9: 70 | R9: 80 | S9: 90 | T9: 100 | W9: 0.35 | Y9: =U9*W9 -> 0
J11: 50未満 | K11: 50 | L11: 60 | M11: 70 | N11: 80 | O11: 90 | P11: 1 | Q11: 150 | R11: 200 | S11: 250 | T11: 300以上
B13: ③ | C13: 店舗日割目標売上 の達成率 | F13: 店舗予算達成達率による評価基準 各店舗の予算日割目標を毎月達成できているか。 ※予算達成日数/出勤日数 | H13: =SUM('4月'!H13+'5月'!H13+'6月'!H13)/3 -> 0 | J13: 0 | K13: 10 | L13: 20 | M13: 30 | N13: 40 | O13: 50 | P13: 60 | Q13: 70 | R13: 80 | S13: 90 | T13: 100 | W13: 0.25 | Y13: =U13*W13 -> 0
J15: 0 | K15: 10 | L15: 20 | M15: 30 | N15: 40 | O15: 50 | P15: 0.6 | Q15: 70 | R15: 80 | S15: 90 | T15: 1
B17: ④ | C17: 修理単価の向上 | F17: パッキン30件 コーティング10件 達成で60点 | H17: パッキン | I17: {=AVERAGE('4月'!I17:I18+'5月'!I17:I18+'6月'!I17:I18)} -> 0 | J17: 0 | K17: 10 | L17: 20 | M17: 30 | N17: 40 | O17: 50 | P17: 60 | Q17: 70 | R17: 80 | S17: 90 | T17: 100 | W17: 0.15 | Y17: =U17*W17 -> 0
H19: コーティング | I19: {=AVERAGE('4月'!I19:I20+'5月'!I19:I20+'6月'!I19:I20)} -> 0 | J19: 0 | K19: 2 | L19: 4 | M19: 8 | N19: 12 | O19: 16 | P19: 40 | Q19: 50 | R19: 60 | S19: 70 | T19: 80件以上
J20: （P0.C0） | K20: （P5.C1） | L20: （P10.C2） | M20: （P15.C4） | N20: （P20.C6） | O20: （P25.C8） | P20: （P30.C10） | Q20: （P35.C15） | R20: （P40.C20） | S20: （P45.C25） | T20: （P50.C30）
B21: ⑤ | C21: Google口コミ投稿件数 目標達成 | F21: 口コミGoogle のみ40件獲得 達成で60点 | H21: =SUM('4月'!H21+'5月'!H21+'6月'!H21)/3 -> 0 | J21: 0 | K21: 10 | L21: 20 | M21: 30 | N21: 40 | O21: 50 | P21: 60 | Q21: 70 | R21: 80 | S21: 90 | T21: 100 | W21: 0.15 | Y21: =U21*W21 -> 0
J23: 10未満 | K23: 10 | L23: 15 | M23: 20 | N23: 25 | O23: 30 | P23: 40 | Q23: 45 | R23: 50 | S23: 55 | T23: 60以上
B26: ① | C26: ブロック売上合計がブロック予算目標に対しての達成率を入力してください。 結果÷目標(ブロック予算)×100＝達成率 | O26: 点数で評価の場合 | Q26: 4月 | R26: =SUM('4月'!AA5:AB24) -> 0 | S26: 5月 | T26: =SUM('5月'!AA5:AB24) -> 0 | U26: 6月 | V26: =SUM('6月'!AA5:AB24) -> 0 | W26: 合計 評価点 | X26: =SUM(R26+T26+V26) -> 0
B28: ② | C28: 個人売上目標100万円に対しての達成率 結果÷100万×100＝達成率
B30: ③ | C30: 店舗日割目標の達成回数÷出勤日数×100＝達成率 (例: 21日出勤の内 18回 日売り目標達成した場合 18÷21×100＝達成率85.7%→四捨五入して【86%】と入力) ※小数点第1位以下四捨五入
B33: ④ | C33: パッキン30件 コーティング0件の場合 基準点0点 ※両方達成で達成となる
B35: ⑤ | C35: Googleレビューの獲得件数を入力してください。 ※最安レビューは含めない
